,age,job,marital,education,default,balance,housing,loan,contact,day,month,duration,campaign,pdays,previous,poutcome,y
0,30,unemployed,married,primary,no,1787,no,no,cellular,19,oct,79,1,-1,0,unknown,no
1,33,services,married,secondary,no,4789,yes,yes,cellular,11,may,220,1,339,4,failure,no
2,35,management,single,tertiary,no,1350,yes,no,cellular,16,apr,185,1,330,1,failure,no
3,30,management,married,tertiary,no,1476,yes,yes,unknown,3,jun,199,4,-1,0,unknown,no
4,59,blue-collar,married,secondary,no,0,yes,no,unknown,5,may,226,1,-1,0,unknown,no
5,35,management,single,tertiary,no,747,no,no,cellular,23,feb,141,2,176,3,failure,no
6,36,self-employed,married,tertiary,no,307,yes,no,cellular,14,may,341,1,330,2,other,no
7,39,technician,married,secondary,no,147,yes,no,cellular,6,may,151,2,-1,0,unknown,no
8,41,entrepreneur,married,tertiary,no,221,yes,no,unknown,14,may,57,2,-1,0,unknown,no
9,43,services,married,primary,no,-88,yes,yes,cellular,17,apr,313,1,147,2,failure,no
10,39,services,married,secondary,no,9374,yes,no,unknown,20,may,273,1,-1,0,unknown,no
11,43,admin.,married,secondary,no,264,yes,no,cellular,17,apr,113,2,-1,0,unknown,no
12,36,technician,married,tertiary,no,1109,no,no,cellular,13,aug,328,2,-1,0,unknown,no
13,20,student,single,secondary,no,502,no,no,cellular,30,apr,261,1,-1,0,unknown,yes
14,31,blue-collar,married,secondary,no,360,yes,yes,cellular,29,jan,89,1,241,1,failure,no
15,40,management,married,tertiary,no,194,no,yes,cellular,29,aug,189,2,-1,0,unknown,no
16,56,technician,married,secondary,no,4073,no,no,cellular,27,aug,239,5,-1,0,unknown,no
17,37,admin.,single,tertiary,no,2317,yes,no,cellular,20,apr,114,1,152,2,failure,no
18,25,blue-collar,single,primary,no,-221,yes,no,unknown,23,may,250,1,-1,0,unknown,no
19,31,services,married,secondary,no,132,no,no,cellular,7,jul,148,1,152,1,other,no
20,38,management,divorced,unknown,no,0,yes,no,cellular,18,nov,96,2,-1,0,unknown,no
21,42,management,divorced,tertiary,no,16,no,no,cellular,19,nov,140,3,-1,0,unknown,no
22,44,services,single,secondary,no,106,no,no,unknown,12,jun,109,2,-1,0,unknown,no
23,44,entrepreneur,married,secondary,no,93,no,no,cellular,7,jul,125,2,-1,0,unknown,no
24,26,housemaid,married,tertiary,no,543,no,no,cellular,30,jan,169,3,-1,0,unknown,no
25,41,management,married,tertiary,no,5883,no,no,cellular,20,nov,182,2,-1,0,unknown,no
26,55,blue-collar,married,primary,no,627,yes,no,unknown,5,may,247,1,-1,0,unknown,no
27,67,retired,married,unknown,no,696,no,no,telephone,17,aug,119,1,105,2,failure,no
28,56,self-employed,married,secondary,no,784,no,yes,cellular,30,jul,149,2,-1,0,unknown,no
29,53,admin.,married,secondary,no,105,no,yes,cellular,21,aug,74,2,-1,0,unknown,no
30,68,retired,divorced,secondary,no,4189,no,no,telephone,14,jul,897,2,-1,0,unknown,yes
31,31,technician,married,secondary,no,171,no,no,cellular,27,aug,81,3,-1,0,unknown,no
32,59,management,married,secondary,no,42,no,no,cellular,21,nov,40,1,-1,0,unknown,no
33,32,management,single,tertiary,no,2536,yes,no,cellular,26,aug,958,6,-1,0,unknown,yes
34,49,technician,married,tertiary,no,1235,no,no,cellular,13,aug,354,3,-1,0,unknown,yes
35,42,admin.,divorced,secondary,no,1811,yes,no,unknown,14,may,150,1,-1,0,unknown,no
36,78,retired,divorced,primary,no,229,no,no,telephone,22,oct,97,1,-1,0,unknown,yes
37,32,blue-collar,married,secondary,no,2089,yes,no,cellular,14,nov,132,1,-1,0,unknown,yes
38,33,management,married,secondary,no,3935,yes,no,cellular,6,may,765,1,342,2,failure,yes
39,23,services,single,tertiary,no,363,yes,no,unknown,30,may,16,18,-1,0,unknown,no
40,38,management,single,tertiary,no,11971,yes,no,unknown,17,nov,609,2,101,3,failure,no
41,36,management,single,tertiary,no,553,no,no,cellular,11,aug,106,2,-1,0,unknown,no
42,52,blue-collar,married,secondary,no,1117,yes,no,cellular,13,may,365,1,-1,0,unknown,no
43,32,technician,married,tertiary,no,396,yes,no,cellular,13,may,205,3,-1,0,unknown,no
44,32,technician,single,tertiary,no,2204,yes,no,cellular,21,nov,11,4,-1,0,unknown,no
45,34,management,single,tertiary,no,872,yes,no,unknown,7,may,105,2,-1,0,unknown,no
46,55,blue-collar,married,primary,no,145,no,no,telephone,2,feb,59,3,5,2,other,no
47,26,blue-collar,married,primary,no,0,yes,no,unknown,21,may,425,1,-1,0,unknown,no
48,32,entrepreneur,single,primary,yes,-849,yes,yes,cellular,4,feb,204,1,-1,0,unknown,no
49,61,admin.,married,unknown,no,4629,yes,no,cellular,27,jan,181,1,92,1,success,yes
50,45,blue-collar,divorced,primary,no,844,no,no,unknown,5,jun,1018,3,-1,0,unknown,yes
51,37,technician,single,secondary,no,228,yes,no,cellular,20,aug,1740,2,-1,0,unknown,no
52,38,technician,single,secondary,no,50,no,no,cellular,29,aug,98,2,-1,0,unknown,no
53,34,technician,married,tertiary,no,1539,yes,no,cellular,15,jun,441,1,56,1,other,yes
54,53,blue-collar,married,secondary,no,2231,yes,no,cellular,14,jul,272,3,-1,0,unknown,no
55,48,admin.,married,secondary,no,3064,yes,no,telephone,15,jul,159,2,-1,0,unknown,no
56,57,management,married,secondary,no,82,no,yes,telephone,4,feb,140,1,-1,0,unknown,no
57,33,self-employed,single,tertiary,no,2155,no,no,cellular,17,nov,295,1,-1,0,unknown,no
58,36,retired,single,secondary,no,101,yes,yes,unknown,26,may,314,1,-1,0,unknown,no
59,54,technician,divorced,secondary,no,784,yes,yes,unknown,15,may,579,1,-1,0,unknown,no
60,41,blue-collar,married,primary,no,-516,no,yes,telephone,8,jul,554,3,-1,0,unknown,no
61,63,retired,married,secondary,no,415,yes,no,cellular,7,oct,323,1,-1,0,unknown,no
62,48,management,married,tertiary,no,5887,no,no,cellular,13,aug,227,2,-1,0,unknown,no
63,48,services,married,secondary,no,1355,no,no,cellular,4,jul,134,2,-1,0,unknown,no
64,56,admin.,married,secondary,no,16873,no,no,cellular,7,oct,223,1,-1,0,unknown,no
65,51,blue-collar,divorced,secondary,no,203,yes,no,cellular,8,may,134,1,170,5,failure,no
66,31,services,married,secondary,no,338,yes,no,cellular,28,jan,155,1,-1,0,unknown,no
67,29,technician,married,secondary,no,444,yes,no,cellular,21,jul,130,4,-1,0,unknown,no
68,41,management,married,secondary,no,0,no,yes,cellular,7,jul,630,3,-1,0,unknown,no
69,32,technician,single,tertiary,no,360,no,no,cellular,19,nov,164,2,-1,0,unknown,no
70,37,management,married,tertiary,no,0,no,no,cellular,16,jul,268,2,182,3,success,yes
71,42,entrepreneur,divorced,tertiary,yes,2,yes,no,unknown,5,may,380,1,-1,0,unknown,no
72,31,management,single,tertiary,no,6248,yes,no,unknown,9,may,154,2,-1,0,unknown,no
73,41,services,married,tertiary,no,412,yes,no,unknown,3,jun,154,5,-1,0,unknown,no
74,56,retired,married,secondary,no,344,yes,no,unknown,15,may,221,1,-1,0,unknown,no
75,54,management,divorced,tertiary,no,3222,no,no,cellular,14,aug,67,2,-1,0,unknown,no
76,41,blue-collar,divorced,secondary,no,174,yes,no,cellular,14,may,367,2,297,1,other,no
77,40,technician,single,secondary,no,591,no,yes,cellular,14,aug,87,6,-1,0,unknown,no
78,50,blue-collar,divorced,primary,no,388,no,no,cellular,5,feb,701,1,-1,0,unknown,no
79,40,unemployed,married,secondary,no,219,yes,no,cellular,17,nov,204,2,196,1,failure,no
80,27,admin.,divorced,secondary,no,451,yes,no,cellular,16,jul,652,1,-1,0,unknown,yes
81,60,retired,married,primary,no,5,no,no,cellular,26,aug,63,2,-1,0,unknown,no
82,28,admin.,single,secondary,no,177,yes,yes,cellular,6,may,150,1,-1,0,unknown,no
83,52,services,married,secondary,no,657,no,no,telephone,7,jul,398,2,460,2,failure,yes
84,37,management,married,tertiary,no,1315,no,no,cellular,30,jun,224,1,-1,0,unknown,yes
85,51,blue-collar,married,primary,no,1466,yes,no,unknown,7,may,406,2,-1,0,unknown,no
86,41,technician,single,secondary,no,879,no,yes,cellular,7,jul,60,4,-1,0,unknown,no
87,35,blue-collar,single,primary,no,293,yes,no,unknown,30,may,521,2,-1,0,unknown,no
88,38,admin.,married,secondary,no,424,yes,no,cellular,17,apr,279,1,-1,0,unknown,no
89,34,blue-collar,married,secondary,no,1831,yes,no,unknown,20,may,203,2,-1,0,unknown,no
90,39,blue-collar,married,primary,no,111,no,no,cellular,18,nov,201,2,-1,0,unknown,no
91,34,blue-collar,married,primary,no,455,yes,no,unknown,20,jun,372,3,-1,0,unknown,no
92,27,services,single,secondary,no,-195,yes,no,cellular,18,may,391,1,-1,0,unknown,yes
93,32,management,single,tertiary,no,3616,no,no,cellular,14,aug,165,2,-1,0,unknown,no
94,57,blue-collar,married,secondary,no,14093,no,no,cellular,11,aug,231,5,-1,0,unknown,no
95,41,unknown,single,tertiary,no,1567,no,no,cellular,1,jul,291,2,-1,0,unknown,no
96,41,admin.,married,tertiary,no,5426,yes,no,unknown,14,may,149,2,-1,0,unknown,no
97,30,admin.,single,tertiary,no,261,no,no,cellular,19,oct,233,1,137,20,failure,no
98,36,blue-collar,divorced,secondary,no,2843,no,no,cellular,12,feb,473,1,182,1,success,no
99,31,unemployed,single,primary,no,406,no,no,cellular,4,feb,736,1,-1,0,unknown,yes
100,36,blue-collar,married,secondary,no,0,yes,no,unknown,6,may,337,1,-1,0,unknown,no
101,38,management,single,tertiary,no,493,yes,no,cellular,11,may,553,1,367,7,failure,no
102,49,technician,married,secondary,no,5996,no,no,telephone,21,nov,345,2,-1,0,unknown,no
103,57,services,single,primary,no,3777,yes,no,telephone,13,may,65,2,-1,0,unknown,no
104,34,management,single,secondary,no,524,no,no,unknown,13,aug,9,1,-1,0,unknown,no
105,32,management,single,tertiary,no,574,yes,no,cellular,14,apr,259,2,145,3,failure,no
106,37,blue-collar,married,secondary,no,427,yes,yes,unknown,9,jun,371,3,-1,0,unknown,no
107,33,self-employed,married,tertiary,no,483,yes,no,cellular,3,feb,280,2,-1,0,unknown,no
108,56,unemployed,married,primary,no,3391,no,no,cellular,21,apr,243,1,-1,0,unknown,yes
109,27,housemaid,married,primary,no,0,yes,no,cellular,23,jul,435,3,-1,0,unknown,no
110,21,student,single,secondary,no,2488,no,no,cellular,30,jun,258,6,169,3,success,yes
111,58,management,married,tertiary,no,1517,yes,no,telephone,29,jul,7,5,-1,0,unknown,no
112,32,self-employed,married,secondary,no,217,yes,yes,cellular,15,jul,317,5,-1,0,unknown,no
113,33,blue-collar,single,secondary,no,22,no,no,cellular,30,jan,76,2,207,1,failure,no
114,25,student,single,secondary,no,331,no,no,telephone,26,aug,170,4,-1,0,unknown,yes
115,25,technician,single,secondary,no,505,no,yes,cellular,17,nov,386,2,-1,0,unknown,yes
116,30,services,married,secondary,no,1808,yes,no,cellular,18,may,83,2,-1,0,unknown,no
117,22,admin.,single,secondary,no,4111,no,yes,cellular,19,aug,65,1,-1,0,unknown,no
118,39,blue-collar,married,primary,no,52,no,no,cellular,13,aug,69,1,-1,0,unknown,no
119,46,management,divorced,tertiary,no,25,no,no,unknown,17,jun,564,2,-1,0,unknown,no
120,31,admin.,divorced,secondary,no,1890,yes,no,cellular,21,jul,588,1,-1,0,unknown,no
121,45,blue-collar,married,primary,no,419,no,no,cellular,18,aug,113,4,-1,0,unknown,no
122,32,technician,married,secondary,no,2693,yes,no,unknown,21,may,16,1,-1,0,unknown,no
123,36,blue-collar,married,secondary,no,-231,no,yes,cellular,15,jul,779,2,-1,0,unknown,no
124,51,management,single,tertiary,yes,-55,yes,no,cellular,11,may,281,2,266,6,failure,no
125,34,self-employed,single,tertiary,no,462,no,no,cellular,21,aug,1877,3,-1,0,unknown,yes
126,24,unemployed,single,secondary,no,119,no,no,unknown,15,sep,51,1,-1,0,unknown,no
127,45,technician,single,secondary,no,586,no,yes,cellular,28,jul,32,3,-1,0,unknown,no
128,32,blue-collar,single,secondary,no,228,no,no,telephone,5,feb,176,1,288,3,failure,no
129,77,retired,divorced,tertiary,no,4659,no,no,cellular,14,apr,161,1,-1,0,unknown,yes
130,41,blue-collar,married,primary,no,168,yes,no,cellular,18,nov,187,3,-1,0,unknown,no
131,37,blue-collar,married,primary,no,0,yes,no,unknown,26,may,24,1,-1,0,unknown,no
132,43,blue-collar,married,unknown,yes,-715,yes,no,unknown,30,may,67,3,-1,0,unknown,no
133,48,admin.,married,unknown,no,0,yes,no,cellular,8,may,85,1,168,2,failure,no
134,27,technician,single,secondary,no,769,yes,no,unknown,9,may,317,2,-1,0,unknown,no
135,33,management,single,tertiary,no,0,no,no,cellular,28,aug,236,10,-1,0,unknown,no
136,29,admin.,single,secondary,no,428,yes,yes,cellular,7,may,54,1,345,2,failure,no
137,34,management,single,tertiary,no,0,no,no,cellular,5,feb,71,1,-1,0,unknown,no
138,52,management,married,tertiary,no,-970,yes,no,cellular,4,feb,489,1,-1,0,unknown,yes
139,60,management,married,unknown,no,6313,no,no,unknown,19,jun,39,2,-1,0,unknown,no
140,32,management,divorced,tertiary,no,948,no,no,cellular,12,aug,204,2,-1,0,unknown,no
141,32,management,single,tertiary,no,0,yes,no,cellular,22,jul,455,2,-1,0,unknown,no
142,56,services,divorced,unknown,no,1877,yes,no,unknown,30,may,86,1,-1,0,unknown,no
143,31,management,single,tertiary,no,874,yes,no,cellular,18,nov,190,2,-1,0,unknown,no
144,42,admin.,married,secondary,no,323,yes,yes,unknown,8,may,280,2,-1,0,unknown,no
145,35,management,married,tertiary,no,106,no,yes,cellular,11,aug,588,2,-1,0,unknown,no
146,56,retired,married,primary,no,1906,no,yes,unknown,19,jun,45,9,-1,0,unknown,no
147,48,technician,married,secondary,no,1152,yes,no,cellular,21,jul,168,5,-1,0,unknown,no
148,46,admin.,married,secondary,no,179,yes,no,cellular,29,jan,194,4,436,1,other,no
149,37,technician,single,unknown,no,391,yes,no,unknown,8,may,103,3,-1,0,unknown,no
150,41,entrepreneur,married,unknown,no,89,yes,no,unknown,6,may,333,2,-1,0,unknown,no
151,36,management,single,tertiary,no,442,yes,yes,cellular,29,jul,102,3,-1,0,unknown,no
152,45,unemployed,divorced,primary,yes,-249,yes,yes,unknown,1,jul,92,1,-1,0,unknown,no
153,55,entrepreneur,married,secondary,no,8104,no,no,cellular,6,feb,213,2,-1,0,unknown,no
154,39,technician,married,secondary,no,501,no,no,unknown,26,may,289,1,-1,0,unknown,no
155,35,technician,divorced,secondary,no,308,no,no,cellular,22,aug,77,2,-1,0,unknown,no
156,55,admin.,married,secondary,no,602,no,no,cellular,1,jun,324,3,90,2,success,yes
157,55,technician,married,secondary,no,273,yes,no,cellular,29,jan,84,3,183,3,failure,no
158,27,self-employed,single,secondary,no,50,no,no,cellular,29,jan,168,1,-1,0,unknown,no
159,34,technician,married,secondary,no,1641,yes,no,cellular,17,apr,380,1,-1,0,unknown,no
160,34,blue-collar,married,tertiary,no,20,no,no,unknown,4,oct,10,1,-1,0,unknown,no
161,25,admin.,single,secondary,no,4590,yes,no,unknown,28,may,199,2,-1,0,unknown,no
162,41,admin.,single,secondary,no,-256,no,yes,unknown,9,may,35,3,-1,0,unknown,no
163,43,services,married,secondary,no,978,yes,yes,unknown,26,may,82,2,-1,0,unknown,no
164,28,management,single,tertiary,no,80,no,no,cellular,20,oct,676,2,146,2,failure,yes
165,31,admin.,single,secondary,no,2104,yes,no,unknown,3,jun,455,1,-1,0,unknown,no
166,78,housemaid,married,secondary,no,499,no,no,telephone,16,mar,80,4,-1,0,unknown,no
167,45,blue-collar,divorced,secondary,no,1269,yes,no,cellular,29,jan,549,2,-1,0,unknown,no
168,48,technician,married,tertiary,no,310,no,no,unknown,6,may,135,1,-1,0,unknown,no
169,32,blue-collar,single,secondary,no,1143,yes,yes,cellular,10,jul,412,1,-1,0,unknown,no
170,42,technician,married,secondary,no,2980,no,no,unknown,20,jun,101,3,-1,0,unknown,no
171,37,management,single,tertiary,no,37,no,no,cellular,28,jan,253,2,-1,0,unknown,no
172,40,admin.,single,secondary,no,462,yes,yes,cellular,6,apr,272,1,335,4,other,no
173,32,admin.,married,secondary,no,1031,yes,no,cellular,17,jul,84,1,-1,0,unknown,no
174,42,management,married,tertiary,no,9009,no,no,cellular,20,nov,135,2,-1,0,unknown,no
175,43,admin.,married,secondary,no,-465,yes,yes,cellular,23,jul,166,1,-1,0,unknown,no
176,44,admin.,married,secondary,no,5181,yes,yes,cellular,31,jul,18,7,-1,0,unknown,no
177,37,admin.,married,secondary,no,176,yes,no,cellular,5,may,147,2,347,1,failure,no
178,37,unknown,married,unknown,no,1699,no,no,unknown,9,jun,63,1,-1,0,unknown,no
179,37,admin.,married,tertiary,no,0,yes,no,cellular,17,nov,65,2,119,1,failure,no
180,28,technician,single,tertiary,no,172,yes,yes,cellular,2,feb,194,2,-1,0,unknown,no
181,32,services,single,secondary,no,0,no,yes,cellular,11,jul,333,2,-1,0,unknown,no
182,34,admin.,single,secondary,no,6979,yes,no,cellular,15,may,14,5,-1,0,unknown,no
183,40,admin.,divorced,secondary,no,6,no,no,unknown,11,jun,140,1,-1,0,unknown,no
184,34,services,married,secondary,no,-62,yes,no,unknown,16,jun,109,3,-1,0,unknown,no
185,34,self-employed,married,tertiary,no,1972,yes,no,cellular,23,jul,61,2,-1,0,unknown,no
186,34,admin.,married,tertiary,no,899,yes,no,telephone,19,nov,377,3,7,4,success,no
187,37,services,single,secondary,no,21,yes,no,cellular,2,feb,96,1,271,2,other,no
188,36,technician,married,secondary,no,23,yes,no,cellular,8,may,152,2,347,1,failure,no
189,56,retired,married,secondary,no,-1206,yes,no,cellular,15,jun,382,2,-1,0,unknown,yes
190,49,blue-collar,married,primary,no,0,yes,yes,telephone,23,jul,97,6,-1,0,unknown,no
191,33,self-employed,married,secondary,no,215,yes,no,cellular,29,jul,543,12,-1,0,unknown,no
192,30,management,single,tertiary,no,1372,no,no,cellular,20,nov,240,2,-1,0,unknown,no
193,36,services,married,secondary,no,1981,no,no,unknown,17,jun,48,2,-1,0,unknown,no
194,23,student,single,secondary,no,9216,no,no,cellular,5,jun,471,2,-1,0,unknown,no
195,57,retired,divorced,secondary,no,39,yes,no,cellular,30,jul,354,3,-1,0,unknown,no
196,27,blue-collar,single,secondary,no,5563,yes,no,unknown,30,may,435,2,-1,0,unknown,no
197,38,services,married,secondary,no,1,no,yes,cellular,21,nov,152,2,-1,0,unknown,no
198,42,technician,married,tertiary,no,782,no,no,cellular,3,apr,285,1,-1,0,unknown,no
199,75,retired,married,secondary,no,3771,no,no,telephone,15,apr,185,1,181,2,success,yes
200,34,technician,single,tertiary,no,992,yes,no,cellular,4,may,301,1,88,2,success,no
201,48,technician,married,secondary,no,1526,no,no,cellular,6,aug,273,2,-1,0,unknown,no
202,35,technician,single,tertiary,no,2658,yes,no,cellular,19,aug,768,2,141,3,failure,yes
203,39,management,divorced,tertiary,no,1315,yes,no,cellular,19,nov,1337,4,126,1,failure,no
204,29,blue-collar,single,tertiary,no,455,no,no,telephone,21,apr,403,1,-1,0,unknown,yes
205,45,technician,single,tertiary,no,0,yes,no,cellular,18,nov,139,2,-1,0,unknown,no
206,42,technician,married,secondary,no,2030,yes,yes,cellular,9,jul,196,1,-1,0,unknown,no
207,29,technician,married,secondary,no,1599,yes,no,cellular,8,jul,115,1,61,1,failure,no
208,38,services,single,secondary,no,-196,yes,no,cellular,2,feb,60,1,271,1,failure,no
209,56,retired,married,secondary,no,1333,no,no,cellular,28,aug,17,14,-1,0,unknown,no
210,36,technician,single,secondary,no,9149,yes,no,cellular,13,aug,141,3,-1,0,unknown,no
211,25,blue-collar,single,secondary,no,-350,yes,no,unknown,23,jun,95,3,-1,0,unknown,no
212,38,technician,married,tertiary,no,432,yes,no,cellular,15,may,10,2,373,1,other,no
213,57,self-employed,married,secondary,no,11494,no,no,cellular,19,nov,198,1,-1,0,unknown,no
214,31,management,married,tertiary,yes,-253,no,no,cellular,12,aug,220,4,-1,0,unknown,no
215,42,management,married,tertiary,no,372,yes,no,cellular,3,aug,654,2,-1,0,unknown,yes
216,45,technician,married,secondary,no,1410,no,no,cellular,11,aug,71,2,-1,0,unknown,no
217,30,blue-collar,married,secondary,no,975,yes,no,cellular,13,may,256,2,351,2,failure,no
218,49,blue-collar,married,primary,no,305,yes,yes,telephone,10,jul,834,10,-1,0,unknown,no
219,49,services,married,secondary,no,400,no,no,cellular,21,aug,151,3,-1,0,unknown,no
220,53,retired,married,tertiary,no,-22,yes,no,cellular,31,jul,20,3,-1,0,unknown,no
221,37,technician,married,secondary,no,4030,yes,no,unknown,26,may,178,5,-1,0,unknown,no
222,49,blue-collar,married,primary,no,365,no,no,unknown,26,may,59,2,-1,0,unknown,no
223,41,self-employed,married,primary,no,204,no,no,cellular,13,aug,111,7,-1,0,unknown,no
224,54,management,married,primary,no,1691,yes,no,cellular,20,nov,186,1,-1,0,unknown,no
225,32,services,single,secondary,no,406,yes,no,unknown,6,may,227,1,-1,0,unknown,no
226,33,technician,married,secondary,no,-204,no,no,cellular,15,may,297,3,-1,0,unknown,no
227,33,technician,married,secondary,no,359,yes,no,cellular,20,apr,210,1,242,1,other,no
228,36,blue-collar,married,primary,no,123,yes,no,cellular,18,may,9,1,-1,0,unknown,no
229,35,technician,married,tertiary,no,0,yes,yes,cellular,23,sep,112,1,62,6,other,no
230,52,unknown,married,secondary,no,142,no,no,cellular,25,aug,112,6,-1,0,unknown,no
231,40,entrepreneur,married,tertiary,no,3571,no,no,unknown,9,jun,222,3,-1,0,unknown,no
232,44,technician,single,secondary,no,33,yes,no,cellular,13,may,195,3,351,10,failure,no
233,45,blue-collar,single,secondary,no,0,yes,no,cellular,26,jul,768,2,91,5,success,no
234,30,student,single,secondary,no,3096,no,no,cellular,26,jan,123,1,-1,0,unknown,no
235,48,technician,divorced,secondary,yes,20,no,no,cellular,27,aug,145,3,-1,0,unknown,no
236,33,blue-collar,married,secondary,no,3576,yes,no,cellular,2,apr,124,1,308,2,other,no
237,57,technician,married,unknown,no,206,yes,no,unknown,5,may,216,3,-1,0,unknown,no
238,57,housemaid,married,primary,no,7082,no,no,unknown,6,jun,69,3,-1,0,unknown,no
239,51,unemployed,married,tertiary,no,1634,yes,no,cellular,22,jul,168,4,-1,0,unknown,no
240,34,admin.,single,secondary,no,1,yes,no,cellular,22,jul,483,7,-1,0,unknown,no
241,50,self-employed,married,tertiary,no,4012,no,no,cellular,19,nov,690,3,-1,0,unknown,no
242,44,management,married,tertiary,no,3762,no,no,cellular,28,aug,125,12,-1,0,unknown,no
243,27,admin.,married,secondary,no,-247,yes,yes,unknown,4,jun,344,2,-1,0,unknown,no
244,50,blue-collar,married,secondary,no,606,yes,no,unknown,14,may,673,2,-1,0,unknown,no
245,36,management,married,tertiary,no,0,yes,no,cellular,28,jan,60,1,250,1,other,no
246,42,management,married,secondary,no,-189,yes,no,unknown,12,may,247,2,-1,0,unknown,no
247,32,unemployed,single,secondary,no,0,no,no,cellular,27,may,123,2,-1,0,unknown,no
248,42,management,married,tertiary,no,484,yes,no,cellular,11,jul,144,2,-1,0,unknown,no
249,43,technician,married,secondary,no,0,no,yes,cellular,8,may,9,2,172,5,failure,no
250,31,management,married,tertiary,no,395,yes,no,cellular,9,feb,155,3,-1,0,unknown,no
251,32,management,married,tertiary,no,2349,no,no,cellular,14,aug,134,5,-1,0,unknown,no
252,55,blue-collar,divorced,primary,no,410,no,yes,cellular,11,jul,221,2,-1,0,unknown,no
253,58,retired,married,primary,no,3401,yes,no,cellular,3,feb,84,3,265,2,failure,no
254,46,blue-collar,married,primary,no,222,no,no,cellular,8,aug,71,2,-1,0,unknown,no
255,55,blue-collar,married,secondary,no,989,yes,yes,unknown,23,may,246,4,-1,0,unknown,no
256,34,management,married,tertiary,no,415,no,yes,cellular,23,jul,361,2,-1,0,unknown,no
257,28,unemployed,single,secondary,no,16,no,no,cellular,12,aug,119,4,-1,0,unknown,no
258,42,technician,divorced,tertiary,no,7190,yes,no,cellular,29,jul,375,2,-1,0,unknown,no
259,29,blue-collar,single,secondary,no,482,no,yes,cellular,10,jul,1097,3,-1,0,unknown,yes
260,54,housemaid,married,secondary,no,209,yes,yes,cellular,25,jul,97,1,-1,0,unknown,no
261,32,technician,single,secondary,no,0,no,no,cellular,26,aug,181,2,-1,0,unknown,no
262,39,technician,single,tertiary,no,5803,no,no,cellular,2,feb,83,3,-1,0,unknown,no
263,53,entrepreneur,married,tertiary,no,624,no,yes,cellular,21,jul,180,4,-1,0,unknown,no
264,58,technician,married,tertiary,no,883,no,no,cellular,18,aug,543,1,78,2,failure,no
265,40,self-employed,married,secondary,no,1516,yes,yes,unknown,23,may,373,1,-1,0,unknown,no
266,29,student,single,secondary,no,872,yes,no,unknown,7,may,230,1,-1,0,unknown,no
267,33,technician,married,tertiary,no,-988,yes,yes,cellular,15,jul,83,3,-1,0,unknown,no
268,38,admin.,single,secondary,no,902,yes,no,telephone,31,jul,58,13,-1,0,unknown,no
269,56,services,divorced,secondary,no,1007,no,no,cellular,29,jul,88,6,-1,0,unknown,no
270,40,services,married,secondary,no,0,yes,no,cellular,2,jun,297,1,28,3,failure,no
271,24,blue-collar,single,secondary,no,174,yes,yes,cellular,18,may,487,1,-1,0,unknown,yes
272,46,management,married,secondary,no,12186,no,no,unknown,20,jun,29,3,-1,0,unknown,no
273,35,self-employed,married,secondary,no,524,yes,no,cellular,21,nov,484,4,-1,0,unknown,no
274,35,blue-collar,single,tertiary,no,0,yes,no,cellular,21,jul,262,4,-1,0,unknown,no
275,34,technician,married,secondary,no,4,yes,no,unknown,15,may,644,1,-1,0,unknown,no
276,35,housemaid,married,tertiary,no,11219,no,no,cellular,12,aug,699,2,79,1,failure,no
277,38,technician,single,tertiary,no,0,no,no,cellular,28,aug,247,2,-1,0,unknown,no
278,50,blue-collar,married,primary,no,5776,no,no,cellular,18,nov,49,3,-1,0,unknown,no
279,51,blue-collar,divorced,primary,no,37,yes,no,cellular,13,may,341,1,-1,0,unknown,no
280,59,self-employed,married,tertiary,no,593,no,no,unknown,13,may,64,2,-1,0,unknown,no
281,32,blue-collar,married,secondary,no,1148,yes,no,cellular,20,apr,121,1,-1,0,unknown,no
282,37,blue-collar,single,secondary,no,3561,yes,no,unknown,2,jun,98,1,-1,0,unknown,no
283,42,admin.,divorced,secondary,no,63,no,no,unknown,16,may,88,6,-1,0,unknown,no
284,40,student,married,secondary,no,260,no,no,unknown,20,jun,197,6,-1,0,unknown,no
285,28,technician,single,tertiary,no,2269,yes,no,unknown,9,may,331,1,-1,0,unknown,no
286,47,admin.,married,secondary,no,1060,yes,no,unknown,6,jun,83,3,-1,0,unknown,no
287,27,self-employed,married,secondary,no,-220,yes,no,unknown,26,may,138,2,-1,0,unknown,no
288,41,management,married,tertiary,no,49,yes,no,cellular,17,jul,312,5,-1,0,unknown,no
289,34,admin.,married,tertiary,no,69,no,yes,cellular,4,aug,120,3,1,6,success,yes
290,50,blue-collar,married,primary,no,4108,yes,no,cellular,7,aug,526,2,-1,0,unknown,yes
291,47,blue-collar,married,secondary,no,480,yes,no,unknown,28,may,211,2,-1,0,unknown,no
292,53,services,married,secondary,no,4994,no,no,cellular,18,aug,62,6,-1,0,unknown,no
293,53,technician,divorced,secondary,no,0,yes,yes,cellular,15,jul,135,5,-1,0,unknown,no
294,47,management,married,tertiary,no,3681,no,no,cellular,14,aug,101,2,-1,0,unknown,no
295,49,entrepreneur,divorced,unknown,yes,-701,yes,no,cellular,30,jul,988,2,-1,0,unknown,yes
296,29,management,married,tertiary,no,451,no,no,cellular,28,jan,451,1,-1,0,unknown,no
297,45,blue-collar,divorced,primary,no,-311,yes,no,unknown,23,may,1030,1,-1,0,unknown,yes
298,38,entrepreneur,married,secondary,no,593,yes,yes,cellular,24,jul,1484,24,-1,0,unknown,yes
299,32,blue-collar,married,secondary,no,759,yes,no,cellular,9,apr,317,5,-1,0,unknown,yes
300,70,retired,divorced,primary,no,4531,no,no,cellular,18,may,445,1,-1,0,unknown,no
301,65,retired,divorced,primary,no,1840,no,no,cellular,1,jun,383,2,188,5,failure,no
302,56,blue-collar,married,secondary,no,345,yes,no,telephone,22,jul,605,1,-1,0,unknown,no
303,35,blue-collar,married,secondary,no,1287,yes,no,cellular,14,jul,330,2,-1,0,unknown,no
304,56,management,married,unknown,no,353,no,yes,cellular,25,jul,171,2,-1,0,unknown,no
305,56,technician,married,secondary,no,205,no,yes,cellular,23,jul,442,2,-1,0,unknown,no
306,49,entrepreneur,married,secondary,no,687,yes,no,cellular,17,apr,772,1,-1,0,unknown,yes
307,38,unemployed,married,primary,no,1147,yes,yes,unknown,8,may,249,5,-1,0,unknown,no
308,35,management,married,tertiary,no,4286,yes,no,unknown,9,may,357,1,-1,0,unknown,no
309,38,admin.,married,tertiary,no,605,no,no,cellular,18,nov,147,2,-1,0,unknown,no
310,49,blue-collar,married,secondary,no,8545,yes,yes,cellular,6,may,199,7,167,1,failure,no
311,55,management,married,unknown,no,559,no,no,cellular,28,jan,271,2,-1,0,unknown,no
312,43,blue-collar,single,primary,no,2,yes,no,cellular,30,jul,783,3,-1,0,unknown,no
313,43,management,married,tertiary,no,2,no,yes,cellular,20,aug,472,2,-1,0,unknown,no
314,25,admin.,single,tertiary,no,760,yes,no,cellular,27,may,223,3,89,2,failure,yes
315,30,blue-collar,married,primary,no,1317,yes,no,unknown,21,may,395,2,-1,0,unknown,no
316,46,blue-collar,married,secondary,no,182,no,no,cellular,4,feb,56,1,-1,0,unknown,no
317,50,admin.,married,primary,no,276,no,yes,unknown,17,jun,641,6,-1,0,unknown,no
318,35,entrepreneur,married,secondary,no,2971,no,no,cellular,4,may,429,4,164,2,failure,yes
319,26,unemployed,single,secondary,no,1064,no,no,unknown,31,may,113,1,-1,0,unknown,no
320,45,admin.,married,unknown,no,1783,no,no,unknown,20,jun,11,11,-1,0,unknown,no
321,37,blue-collar,married,secondary,no,-67,no,no,cellular,2,feb,157,1,-1,0,unknown,no
322,60,self-employed,single,tertiary,no,179,no,yes,cellular,29,jul,79,4,-1,0,unknown,no
323,38,management,married,tertiary,no,1199,no,no,cellular,4,aug,178,1,1,1,success,yes
324,47,blue-collar,married,primary,no,214,yes,yes,unknown,9,jun,168,1,-1,0,unknown,no
325,33,technician,married,secondary,no,6699,no,no,cellular,9,nov,425,1,462,1,failure,no
326,51,unemployed,married,secondary,no,1760,no,yes,cellular,19,nov,162,1,-1,0,unknown,no
327,35,entrepreneur,single,tertiary,no,145,yes,no,cellular,18,jul,799,2,-1,0,unknown,yes
328,35,unemployed,married,secondary,no,978,no,no,cellular,29,dec,1370,3,209,3,success,yes
329,48,admin.,single,secondary,no,1150,yes,no,unknown,28,may,357,1,-1,0,unknown,no
330,37,admin.,married,secondary,no,121,no,no,cellular,22,jul,22,6,-1,0,unknown,no
331,29,technician,single,tertiary,no,828,yes,no,cellular,16,apr,215,3,321,3,other,no
332,34,admin.,married,secondary,no,244,yes,no,cellular,31,jul,56,4,-1,0,unknown,no
333,32,services,married,primary,no,228,yes,no,cellular,21,jul,1017,6,-1,0,unknown,yes
334,30,management,single,tertiary,no,424,no,no,cellular,16,apr,298,4,-1,0,unknown,yes
335,47,management,divorced,tertiary,no,447,no,yes,unknown,7,may,126,1,-1,0,unknown,no
336,33,blue-collar,married,primary,no,-195,no,no,unknown,20,sep,9,1,-1,0,unknown,no
337,33,management,single,tertiary,no,1410,yes,no,cellular,5,feb,8,1,254,5,failure,no
338,63,retired,married,primary,no,1084,no,no,cellular,14,oct,201,1,183,1,success,no
339,51,self-employed,divorced,primary,no,10924,no,no,cellular,6,may,106,2,-1,0,unknown,no
340,41,management,married,tertiary,no,832,yes,yes,cellular,21,nov,164,1,176,1,failure,no
341,56,retired,married,tertiary,no,478,no,no,cellular,5,feb,97,1,-1,0,unknown,no
342,60,management,single,tertiary,no,0,no,yes,cellular,23,jul,151,1,-1,0,unknown,no
343,41,self-employed,single,tertiary,no,3950,yes,no,unknown,30,may,96,2,-1,0,unknown,no
344,37,management,single,unknown,no,504,yes,no,cellular,16,apr,555,1,-1,0,unknown,no
345,36,blue-collar,single,secondary,no,219,yes,yes,cellular,11,may,270,2,347,1,failure,no
346,57,management,married,tertiary,no,1602,no,no,cellular,29,jul,339,3,-1,0,unknown,no
347,55,management,married,primary,no,2587,no,no,cellular,4,sep,328,2,94,2,success,yes
348,44,admin.,married,secondary,no,0,yes,yes,unknown,16,may,159,1,-1,0,unknown,no
349,47,self-employed,married,tertiary,no,2303,yes,no,cellular,6,may,323,2,364,1,failure,no
350,31,blue-collar,married,secondary,no,1660,yes,no,cellular,20,apr,342,1,-1,0,unknown,no
351,35,management,married,tertiary,yes,32,yes,no,cellular,21,nov,180,1,-1,0,unknown,no
352,39,management,married,tertiary,no,278,no,yes,cellular,28,jul,60,3,-1,0,unknown,no
353,50,management,married,tertiary,no,4,no,no,cellular,17,nov,223,1,96,2,failure,no
354,29,management,married,tertiary,no,318,yes,no,cellular,18,may,1434,2,356,4,failure,no
355,30,services,single,secondary,no,209,yes,no,unknown,6,may,30,2,-1,0,unknown,no
356,46,services,married,secondary,no,271,yes,no,unknown,16,may,134,4,-1,0,unknown,no
357,27,management,single,unknown,no,3196,no,no,cellular,9,feb,10,2,-1,0,unknown,no
358,48,admin.,divorced,secondary,no,4099,no,no,cellular,2,apr,397,2,-1,0,unknown,yes
359,26,student,single,secondary,no,2572,yes,no,cellular,5,may,620,1,-1,0,unknown,no
360,36,management,single,tertiary,no,339,no,no,cellular,21,nov,6,6,-1,0,unknown,no
361,42,blue-collar,married,primary,no,0,yes,yes,cellular,7,may,209,2,-1,0,unknown,no
362,50,housemaid,married,primary,no,395,yes,no,unknown,15,may,419,2,-1,0,unknown,no
363,49,blue-collar,married,secondary,no,2039,yes,no,cellular,18,nov,283,2,-1,0,unknown,no
364,45,management,married,tertiary,no,5450,no,no,cellular,8,aug,188,2,-1,0,unknown,no
365,23,student,single,secondary,no,780,no,no,cellular,16,sep,267,1,-1,0,unknown,no
366,38,technician,single,secondary,no,0,yes,no,cellular,7,apr,196,2,-1,0,unknown,no
367,32,management,single,tertiary,no,8436,yes,no,cellular,17,apr,245,1,149,2,failure,no
368,60,technician,single,primary,no,11262,no,no,cellular,26,aug,323,1,-1,0,unknown,yes
369,30,entrepreneur,married,secondary,no,946,yes,no,cellular,19,nov,1065,1,183,1,other,no
370,58,housemaid,married,tertiary,no,497,no,no,unknown,11,jun,138,5,-1,0,unknown,no
371,60,retired,married,primary,no,55,no,no,cellular,4,jun,207,1,-1,0,unknown,no
372,38,services,married,secondary,no,-140,no,no,unknown,25,jun,456,3,-1,0,unknown,no
373,51,technician,married,secondary,no,-379,yes,no,cellular,5,aug,261,1,-1,0,unknown,no
374,42,admin.,married,secondary,no,-396,yes,no,cellular,11,may,80,1,308,4,failure,no
375,30,services,single,secondary,no,0,yes,no,cellular,18,may,131,6,363,9,failure,no
376,40,management,married,primary,no,733,yes,no,unknown,6,jun,94,7,-1,0,unknown,no
377,37,management,married,tertiary,no,393,yes,no,cellular,14,may,567,3,275,4,failure,yes
378,53,technician,divorced,primary,no,7290,yes,no,unknown,30,may,153,1,-1,0,unknown,no
379,27,services,single,secondary,no,468,yes,no,cellular,13,may,109,1,-1,0,unknown,no
380,39,blue-collar,married,secondary,no,0,yes,no,cellular,30,apr,53,1,325,1,failure,no
381,39,blue-collar,married,primary,no,3705,yes,no,unknown,16,jun,77,1,-1,0,unknown,no
382,59,retired,married,tertiary,no,9676,no,no,telephone,27,mar,234,2,-1,0,unknown,yes
383,37,services,married,secondary,no,1328,yes,no,telephone,13,may,121,2,341,4,failure,no
384,41,blue-collar,married,primary,no,8,yes,no,cellular,15,jul,155,2,-1,0,unknown,no
385,45,blue-collar,married,primary,no,61,no,no,cellular,17,apr,108,1,-1,0,unknown,no
386,48,management,married,tertiary,no,6613,no,no,unknown,17,jun,159,3,-1,0,unknown,no
387,48,technician,married,secondary,no,302,yes,no,unknown,26,may,208,3,-1,0,unknown,no
388,32,blue-collar,married,secondary,no,1005,no,no,cellular,12,may,215,1,-1,0,unknown,no
389,35,services,married,secondary,no,109,yes,no,unknown,6,may,597,3,-1,0,unknown,no
390,33,management,single,tertiary,no,1240,yes,no,cellular,4,feb,505,2,260,1,other,no
391,28,blue-collar,single,primary,no,0,yes,yes,unknown,3,jun,380,4,-1,0,unknown,no
392,64,retired,married,unknown,no,2923,no,no,cellular,12,mar,120,1,-1,0,unknown,no
393,35,technician,married,secondary,no,0,no,no,cellular,27,aug,106,4,-1,0,unknown,no
394,33,blue-collar,married,secondary,no,43,yes,no,cellular,14,may,332,2,358,2,failure,no
395,41,technician,married,secondary,no,288,yes,no,unknown,15,may,221,4,-1,0,unknown,no
396,34,admin.,married,secondary,no,613,yes,no,cellular,4,jun,80,1,-1,0,unknown,no
397,37,technician,single,tertiary,no,6101,no,no,cellular,4,may,60,5,87,1,success,no
398,38,blue-collar,married,primary,no,168,yes,yes,telephone,13,may,212,3,-1,0,unknown,no
399,39,blue-collar,married,primary,no,7685,yes,no,cellular,14,apr,493,3,-1,0,unknown,no
400,35,technician,divorced,tertiary,no,4515,yes,no,cellular,19,nov,98,2,-1,0,unknown,no
401,28,blue-collar,single,secondary,no,517,no,yes,cellular,8,jul,681,1,-1,0,unknown,yes
402,27,blue-collar,single,secondary,no,148,no,no,cellular,22,jul,203,1,-1,0,unknown,no
403,48,retired,married,primary,yes,-285,no,yes,cellular,19,nov,157,1,-1,0,unknown,no
404,50,blue-collar,married,secondary,no,887,no,no,unknown,16,jun,287,1,-1,0,unknown,no
405,45,self-employed,married,secondary,no,3098,yes,no,cellular,7,aug,159,2,-1,0,unknown,no
406,41,technician,married,tertiary,no,744,yes,no,unknown,14,may,125,1,-1,0,unknown,no
407,39,technician,married,secondary,no,130,no,no,cellular,8,jul,202,2,-1,0,unknown,no
408,44,management,married,secondary,no,438,yes,no,telephone,8,may,37,3,303,1,failure,no
409,54,admin.,married,secondary,no,0,no,no,cellular,28,jan,161,1,98,2,failure,yes
410,49,management,married,tertiary,no,322,no,no,cellular,6,aug,72,4,-1,0,unknown,no
411,34,blue-collar,single,secondary,no,186,no,no,cellular,2,feb,342,1,-1,0,unknown,no
412,75,retired,divorced,tertiary,no,3810,yes,no,cellular,16,nov,262,1,183,1,failure,yes
413,42,management,married,tertiary,no,0,no,no,cellular,13,aug,325,2,-1,0,unknown,no
414,53,blue-collar,married,secondary,no,4380,no,no,telephone,19,aug,223,7,-1,0,unknown,no
415,49,management,divorced,tertiary,no,755,no,no,cellular,31,jul,1212,4,-1,0,unknown,yes
416,31,services,single,secondary,no,2070,no,no,cellular,29,aug,319,2,-1,0,unknown,no
417,45,blue-collar,single,primary,no,999,no,no,cellular,29,jan,182,2,-1,0,unknown,no
418,39,self-employed,married,secondary,no,167,yes,yes,cellular,17,jul,330,1,-1,0,unknown,no
419,46,technician,married,secondary,no,1322,yes,yes,cellular,19,nov,514,1,-1,0,unknown,no
420,42,admin.,divorced,secondary,no,1076,yes,no,unknown,14,may,213,1,-1,0,unknown,no
421,37,management,married,tertiary,no,502,yes,no,cellular,7,may,551,1,351,1,failure,no
422,26,technician,single,tertiary,no,1216,yes,no,cellular,16,apr,472,2,-1,0,unknown,no
423,37,management,single,tertiary,no,876,yes,no,cellular,15,apr,140,4,327,2,failure,no
424,36,services,single,secondary,no,342,yes,no,unknown,7,may,142,1,-1,0,unknown,no
425,29,blue-collar,single,primary,no,950,yes,no,unknown,4,jun,135,3,-1,0,unknown,no
426,36,blue-collar,married,primary,no,973,yes,yes,unknown,23,may,293,1,-1,0,unknown,no
427,26,technician,married,tertiary,no,3825,yes,no,unknown,13,may,107,1,-1,0,unknown,no
428,32,blue-collar,married,secondary,no,2366,yes,no,unknown,20,may,127,2,-1,0,unknown,no
429,40,management,married,tertiary,no,542,yes,no,cellular,20,nov,1816,1,-1,0,unknown,no
430,53,management,married,primary,no,995,no,no,cellular,4,feb,200,3,-1,0,unknown,no
431,29,management,married,tertiary,no,20,yes,no,cellular,12,may,418,1,-1,0,unknown,no
432,34,technician,single,tertiary,no,228,yes,no,cellular,22,jul,387,4,-1,0,unknown,no
433,43,blue-collar,married,secondary,no,130,no,no,cellular,5,may,156,1,337,3,failure,no
434,56,management,married,tertiary,no,217,no,yes,cellular,21,jul,121,2,-1,0,unknown,no
435,55,entrepreneur,divorced,tertiary,no,0,no,no,unknown,6,jun,108,2,-1,0,unknown,no
436,31,self-employed,married,tertiary,no,259,yes,no,cellular,7,may,47,1,-1,0,unknown,no
437,27,admin.,single,secondary,no,619,yes,no,cellular,20,apr,16,5,322,4,other,no
438,36,management,married,secondary,no,644,yes,no,cellular,18,nov,54,2,-1,0,unknown,no
439,44,management,married,tertiary,no,22,yes,no,cellular,6,aug,265,2,-1,0,unknown,no
440,37,admin.,divorced,tertiary,no,4303,yes,no,unknown,23,may,168,1,-1,0,unknown,no
441,30,admin.,single,secondary,no,239,yes,no,cellular,7,may,115,3,-1,0,unknown,no
442,42,technician,single,secondary,no,275,no,no,cellular,26,aug,31,8,-1,0,unknown,no
443,30,management,married,tertiary,no,1221,yes,no,telephone,25,jul,279,4,-1,0,unknown,yes
444,62,retired,married,secondary,no,816,no,no,cellular,1,sep,28,2,-1,0,unknown,no
445,24,blue-collar,married,secondary,no,1222,yes,no,cellular,20,apr,369,1,-1,0,unknown,no
446,31,technician,married,secondary,no,2363,yes,no,unknown,13,may,247,1,-1,0,unknown,no
447,66,retired,married,tertiary,no,2262,no,no,cellular,22,apr,155,1,-1,0,unknown,no
448,47,admin.,married,secondary,no,2,no,no,cellular,10,jul,89,1,-1,0,unknown,no
449,39,entrepreneur,married,tertiary,no,2,yes,no,cellular,17,nov,180,1,-1,0,unknown,no
450,35,technician,married,secondary,no,4508,yes,no,cellular,18,nov,854,1,-1,0,unknown,yes
451,35,admin.,divorced,secondary,no,-402,yes,no,cellular,17,apr,46,1,-1,0,unknown,no
452,27,technician,married,secondary,no,1577,yes,yes,unknown,28,may,266,2,-1,0,unknown,no
453,32,blue-collar,married,secondary,no,34,yes,no,cellular,5,may,321,2,-1,0,unknown,no
454,44,management,married,tertiary,no,795,no,no,cellular,28,aug,99,24,-1,0,unknown,no
455,42,blue-collar,married,secondary,no,117,yes,no,unknown,9,may,147,1,-1,0,unknown,no
456,34,self-employed,single,tertiary,no,5462,no,no,cellular,30,apr,430,1,-1,0,unknown,yes
457,25,services,single,secondary,no,402,no,yes,cellular,7,jul,264,1,-1,0,unknown,no
458,40,technician,single,secondary,no,641,no,no,cellular,16,jul,156,6,-1,0,unknown,no
459,43,management,divorced,tertiary,no,36,no,no,cellular,26,may,118,1,102,2,failure,no
460,55,unemployed,married,tertiary,no,383,no,no,unknown,6,may,343,3,-1,0,unknown,no
461,50,blue-collar,married,secondary,no,283,yes,no,cellular,7,aug,226,3,-1,0,unknown,no
462,45,management,divorced,tertiary,no,0,no,no,unknown,1,jun,5,1,-1,0,unknown,no
463,35,blue-collar,divorced,secondary,no,3102,yes,no,cellular,20,nov,138,1,-1,0,unknown,no
464,32,blue-collar,married,secondary,no,889,yes,no,cellular,10,sep,185,1,99,5,success,yes
465,59,housemaid,married,secondary,no,0,no,no,telephone,3,feb,722,1,99,4,failure,no
466,34,self-employed,married,secondary,no,-370,yes,no,unknown,21,may,748,1,-1,0,unknown,no
467,39,management,married,tertiary,no,-606,yes,no,unknown,26,may,142,1,-1,0,unknown,no
468,40,management,single,secondary,no,10378,yes,no,cellular,17,nov,523,3,-1,0,unknown,no
469,36,blue-collar,single,primary,no,1313,yes,no,unknown,20,jun,8,10,-1,0,unknown,no
470,40,management,married,tertiary,no,8969,yes,no,cellular,17,nov,153,1,-1,0,unknown,no
471,55,self-employed,married,secondary,no,-196,yes,no,unknown,20,may,210,2,-1,0,unknown,no
472,38,entrepreneur,married,secondary,yes,15,yes,no,cellular,10,jul,121,1,-1,0,unknown,no
473,61,admin.,married,secondary,no,4608,no,no,cellular,12,mar,212,1,-1,0,unknown,yes
474,41,management,married,tertiary,no,666,yes,no,unknown,21,may,253,3,-1,0,unknown,no
475,57,blue-collar,married,primary,no,452,yes,no,unknown,13,may,139,4,-1,0,unknown,no
476,48,blue-collar,married,secondary,no,149,yes,no,unknown,9,may,71,1,-1,0,unknown,no
477,77,retired,married,tertiary,no,7802,no,no,telephone,4,may,421,1,92,2,success,yes
478,35,services,married,secondary,no,1453,yes,no,unknown,28,may,199,1,-1,0,unknown,no
479,54,blue-collar,married,secondary,no,1480,yes,no,unknown,14,may,108,1,-1,0,unknown,no
480,37,management,single,unknown,no,715,yes,no,unknown,20,may,247,2,-1,0,unknown,no
481,56,management,single,secondary,no,237,yes,no,telephone,9,jul,236,4,-1,0,unknown,no
482,40,technician,married,secondary,no,694,yes,no,cellular,4,feb,97,4,196,5,failure,no
483,40,management,married,tertiary,no,0,no,no,cellular,14,jul,109,8,-1,0,unknown,no
484,54,management,married,tertiary,no,55,yes,no,cellular,2,jun,112,2,-1,0,unknown,no
485,55,housemaid,married,primary,no,136,yes,no,unknown,19,jun,15,10,-1,0,unknown,no
486,55,services,divorced,secondary,yes,-404,yes,no,cellular,22,jul,502,3,-1,0,unknown,no
487,52,blue-collar,married,primary,no,779,yes,no,unknown,16,may,30,3,-1,0,unknown,no
488,55,blue-collar,single,primary,no,1187,yes,no,unknown,2,jun,193,2,-1,0,unknown,no
489,33,management,married,tertiary,no,641,yes,no,cellular,13,aug,347,2,-1,0,unknown,no
490,52,blue-collar,married,unknown,no,826,yes,no,unknown,15,may,468,2,-1,0,unknown,no
491,33,services,divorced,secondary,no,991,yes,no,unknown,27,may,148,1,-1,0,unknown,no
492,53,admin.,married,secondary,no,1796,no,no,telephone,16,mar,295,1,91,2,success,yes
493,46,admin.,married,secondary,no,22,no,no,cellular,26,aug,388,6,-1,0,unknown,yes
494,44,technician,single,secondary,no,244,yes,no,cellular,12,aug,1735,4,-1,0,unknown,yes
495,48,management,divorced,tertiary,no,1328,yes,no,unknown,6,may,339,1,-1,0,unknown,no
496,50,housemaid,married,secondary,no,7317,yes,no,cellular,13,may,172,1,370,1,failure,no
497,34,technician,single,secondary,no,4943,yes,yes,cellular,19,nov,117,2,-1,0,unknown,no
498,38,technician,single,secondary,no,258,no,yes,unknown,20,jun,587,2,-1,0,unknown,no
499,42,management,single,tertiary,no,515,yes,no,cellular,19,nov,501,2,-1,0,unknown,no
